fov,dx,dy
U00--V00--X00--Y00,-0.0000262728,-0.0001255968
U00--V00--X01--Y00,-0.000044055,-0.0000108135
